name	pool	seq	size	%gc	tm (use 65)
rabv_ea_1500_1_LEFT	1	CAGGTGGTCTCTTTGAAGCCT	21	52.38	60.03
rabv_ea_1500_1_RIGHT	1	AGCACTCGGATTGACGAAGATC	22	50.00	60.66
rabv_ea_1500_2_LEFT	2	AGTTCTAATCATCAAGCCCGTCC	23	47.83	60.69
rabv_ea_1500_2_RIGHT	2	GCTCCTGACAAAGCTAATCCAATAAC	26	42.31	60.89
rabv_ea_1500_3_LEFT	1	ATACGTCCCGCTGAAAGAACTC	22	50.00	60.60
rabv_ea_1500_3_RIGHT	1	AGTCCAAGAACTCCACATAACTTGAG	26	42.31	61.18
rabv_ea_1500_4_LEFT	2	ACCATTTGGATGCCTGAGAATCC	23	47.83	61.20
rabv_ea_1500_4_RIGHT	2	TGAGAAGTGTTGCCAGTTGCTC	22	50.00	61.50
rabv_ea_1500_5_LEFT	1	CACCTTCCTGATGTGCACAAAC	22	50.00	60.47
rabv_ea_1500_5_RIGHT	1	GAGTTGAAGCGAGACAAGAAAAGATC	26	42.31	61.05
rabv_ea_1500_6_LEFT	2	GAGGGGGTGTTAAGTTGCCT	20	55.00	59.61
rabv_ea_1500_6_RIGHT	2	TCTGATCTGTCTGAATAATAGATCCAAGAC	30	36.67	61.13
rabv_ea_1500_7_LEFT	1	GCCACTTTTTGACGCACTGAC	21	52.38	60.96
rabv_ea_1500_7_RIGHT	1	GGATTCTTCCAAAGTTCTTGAGAGAC	26	42.31	60.29
rabv_ea_1500_8_LEFT	2	TAAAAGGAGGTGCCAGTCCCA	21	52.38	61.15
rabv_ea_1500_8_RIGHT	2	CTGAGCATTATGTACAAGGAGGGG	24	50.00	61.07
rabv_ea_1500_9_LEFT	1	GTGTGTAAGGCCCATTGACGAT	22	50.00	61.12
rabv_ea_1500_9_RIGHT	1	ACAGGGTTATCCGGTTGACAGA	22	50.00	61.27
rabv_ea_1500_10_LEFT	2	GGAGATTACAGCCCCAACAAGA	22	50.00	60.21
rabv_ea_1500_10_RIGHT	2	TGATATCCTTGAGGGTGATCCAC	23	47.83	59.61
